student_id,class_year,chronotype,sleep_hours,gpa,drinks_per_week,classes_missed,happiness
1,4,Neither,7.18,3.6,10,0,28
2,4,Neither,6.93,3.24,6,0,25
3,4,Owl,5.02,2.97,3,12,17
4,1,Lark,6.9,3.76,2,0,32
5,4,Owl,6.35,3.2,4,4,15
6,4,Neither,9.04,3.5,0,0,22
7,2,Lark,7.52,3.35,6,2,25
8,2,Lark,9.01,3,3,0,29
9,1,Neither,8.54,4,3,0,29
10,4,Neither,6.68,2.9,6,0,30
11,2,Neither,8.09,3.7,10,0,14
12,2,Neither,8.43,3,10,0,24
13,1,Neither,6.89,3.3,4,0,21
14,3,Neither,7.45,3.3,5,6,20
15,3,Neither,8.93,3.5,0,1,28
16,3,Lark,8.9,3.4,2,0,23
17,2,Neither,8.34,2.8,4,5,25
18,2,Lark,8.22,3,12,0,24
19,2,Neither,8.39,2.8,10,0,30
20,3,Owl,7.43,2.8,7,20,19
21,3,Neither,7.29,3.05,1,4,30
22,3,Neither,8.57,3.3,2,1,34
23,3,Neither,9.39,2.9,7,1,28
24,1,Neither,9.57,3,3,5,27
25,2,Neither,8,3.2,0,0,25
26,2,Owl,9.87,3.07,0,20,24
27,2,Owl,8.75,3,8,10,28
28,4,Neither,8.57,2.9,5,0,17
29,4,Neither,7.71,3.4,3,3,27
30,4,Neither,7.43,3,5,2,25
31,2,Neither,8.32,3.75,8,0,25
32,1,Neither,9.07,4,1,0,15
33,4,Neither,8.64,2.8,6,0,18
34,2,Neither,9.06,2.35,12,6,21
35,2,Neither,7.14,3.04,0,0,23
36,4,Neither,7.79,2.75,0,0,27
37,1,Neither,6.93,3.5,3,1,27
38,1,Neither,8.33,3.2,1,0,25
39,1,Lark,9.68,3.25,4,5,30
40,4,Neither,8.43,2.9,4,4,25
41,4,Neither,7.82,3.84,4,1,30
42,4,Neither,7.93,3.5,3,0,28
43,2,Neither,7.98,2.8,2,1,26
44,1,Neither,8.93,3.25,3,2,31
45,1,Neither,8.46,2.9,5,0,24
46,3,Owl,8.3,3.5,9,2,24
47,4,Neither,8.61,3.1,3,6,26
48,3,Neither,6.14,3.2,6,1,28
49,1,Owl,6.07,3.4,5,2,30
50,2,Neither,6.39,2.5,5,0,27
51,3,Neither,8.36,3.25,9,0,31
52,3,Neither,7.68,3,3,0,25
53,2,Neither,8.27,3.2,2,3,30
54,4,Neither,9.07,3.25,7,4,21
55,3,Neither,6.14,2,5,1,23
56,1,Neither,5.78,3.4,0,1,28
57,2,Owl,8.9,3.4,5,2,16
58,2,Neither,7.05,3.3,5,2,29
59,2,Neither,8.29,3.25,5,0,29
60,2,Neither,6.29,2.5,10,3,21
61,2,Neither,7.96,3.2,6,2,31
62,4,Lark,8.16,3.25,5,1,30
63,1,Neither,7.24,3.32,9,5,25
64,4,Neither,7.13,3,5,2,12
65,3,Owl,6.12,3.67,0,14,32
66,4,Neither,9.29,3.1,3,10,31
67,2,Owl,10.45,2,0,1,22
68,2,Neither,7.98,3.2,6,0,30
69,2,Neither,9.14,3.4,7,0,30
70,2,Neither,8.66,3.11,2,4,33
71,2,Neither,7.85,3.4,0,1,33
72,3,Neither,8.44,2.4,5,4,25
73,1,Owl,7.9,4,5,0,20
74,2,Lark,7.96,3.35,10,2,12
75,4,Neither,8.73,3.3,4,1,30
76,3,Owl,8.21,3.3,1,2,24
77,4,Neither,8.07,3.6,2,1,29
78,2,Neither,8.24,3.25,5,0,24
79,2,Owl,7.59,3.6,4,3,30
80,4,Owl,8.94,3.3,8,2,25
81,2,Neither,8.11,3.3,2,0,19
82,4,Neither,8.23,3,7,3,28
83,2,Owl,8.42,2.84,2,0,29
84,2,Neither,9.05,2.75,3,2,33
85,2,Owl,4.95,3.12,0,15,30
86,2,Neither,6,3.6,0,0,27
87,4,Neither,9.19,3.75,4,0,20
88,3,Lark,7.21,3.7,2,0,31
89,4,Lark,8.8,2.4,0,0,19
90,4,Neither,6.82,3.6,3,0,30
91,2,Lark,9.64,3,4,1,28
92,1,Neither,7.29,3.95,7,3,18
93,1,Neither,8.43,3.43,0,0,28
94,3,Neither,8.18,2.81,6,2,27
95,2,Neither,7,3,13,1,34
96,2,Lark,9,3.52,10,1,28
97,4,Neither,7.87,3.2,7,7,30
98,4,Neither,7.46,3.67,5,1,13
99,2,Owl,8.86,3.6,10,6,29
100,4,Lark,7.64,3.62,3,4,33
101,3,Lark,8.11,3.6,5,0,31
102,1,Neither,6.5,3.9,3,0,25
103,3,Owl,6.51,3.5,1,1,28
104,1,Neither,7.83,3.7,5,0,17
105,2,Neither,7.63,3.2,9,2,16
106,1,Owl,8.49,3.2,9,0,28
107,3,Owl,9.96,3,3,1,28
108,3,Neither,9.8,3.3,3,7,20
109,3,Neither,7.93,3.8,5,1,31
110,1,Neither,7.05,3.5,4,0,29
111,4,Lark,7.61,3.93,1,0,29
112,2,Lark,7.84,3.78,0,0,26
113,1,Neither,8.52,3.83,0,0,33
114,3,Neither,8.59,3.3,7,0,28
115,4,Neither,6.36,3.1,6,3,29
116,4,Owl,8.54,3.35,8,0,27
117,2,Owl,7.21,3.5,12,1,33
118,1,Lark,7.64,3.75,2,2,5
119,2,Neither,7.05,3.68,1,0,28
120,2,Neither,8,3.3,5,7,16
121,2,Neither,7.25,2.66,9,2,28
122,3,Neither,9.25,3.36,6,0,32
123,1,Lark,7.71,3.2,0,2,13
124,2,Neither,8.2,3,7,5,29
125,3,Neither,7.6,3.7,0,1,29
126,2,Owl,7.4,2.3,12,4,31
127,2,Neither,7.81,3,0,4,30
128,1,Neither,9.15,4,6,0,32
129,2,Neither,8.71,3,5,7,15
130,2,Neither,5.93,3.5,0,2,28
131,3,Neither,7.54,2.9,8,0,29
132,4,Lark,7.73,3,8,1,25
133,3,Neither,7.67,3.5,7,1,30
134,2,Neither,7.18,3.4,4,0,25
135,3,Neither,8.68,3.9,12,4,24
136,2,Neither,7.88,3.72,3,1,29
137,3,Lark,6,3.5,6,0,29
138,2,Lark,7.39,3.6,2,1,28
139,4,Neither,7.87,3.6,7,2,30
140,4,Neither,5.75,3.8,4,4,19
141,2,Neither,9.32,3.44,4,0,27
142,3,Lark,6.78,3.89,6,2,32
143,1,Neither,6.43,3.5,4,2,25
144,3,Neither,9,3.61,4,2,11
145,4,Lark,9.19,3.43,3,2,31
146,4,Lark,7.99,3.79,1,0,30
147,4,Owl,6.36,3.4,5,6,21
148,4,Owl,7.26,3.19,6,13,30
149,2,Owl,7.53,3.1,9,7,29
150,3,Neither,7.64,3.52,8,1,19
151,3,Neither,8.89,3.2,3,0,30
152,1,Neither,7.83,3.25,8,3,21
153,2,Neither,7.04,3,10,7,23
154,4,Neither,8,3.74,3,1,33
155,4,Neither,8.79,3.3,6,0,26
156,3,Owl,8.17,3,5,1,29
157,3,Neither,8.18,2.8,6,1,27
158,1,Neither,9.85,4,0,0,19
159,1,Neither,7.89,3.9,8,0,29
160,1,Owl,7.5,4,8,0,28
161,2,Neither,8.21,3.5,7,0,29
162,2,Lark,8.71,3.4,2,0,31
163,2,Owl,8.93,3.25,7,15,26
164,2,Owl,6.93,2.5,15,0,29
165,2,Owl,7.79,3.3,0,0,30
166,4,Lark,8.21,3.5,2,0,35
167,2,Neither,8.29,2.5,5,0,26
168,1,Owl,7.3,4,9,3,25
169,3,Owl,7.86,2.4,10,4,31
170,4,Neither,8.18,3.15,5,2,30
171,1,Neither,7.75,3.75,0,0,31
172,4,Neither,7.96,3,10,0,20
173,1,Owl,7.64,3.75,3,0,27
174,3,Neither,6.51,3.5,8,3,11
175,2,Owl,9.87,3.3,7,2,24
176,2,Neither,7.86,2.75,13,0,30
177,2,Owl,6.69,2.5,14,1,12
178,2,Neither,10.62,2.75,10,2,29
179,2,Neither,7.11,2.8,6,0,31
180,4,Neither,8.04,3.4,3,1,27
181,1,Neither,8.61,3.8,10,1,27
182,1,Neither,6.57,3.6,12,1,22
183,4,Neither,8.43,2.75,10,5,29
184,4,Neither,8.75,3.1,8,3,28
185,4,Neither,8.29,2.5,4,3,28
186,2,Neither,7.32,3.25,8,1,32
187,1,Owl,8.49,3.5,10,4,21
188,3,Neither,7.57,2.77,10,2,27
189,1,Neither,7.43,3.7,6,2,27
190,2,Lark,8.88,3.3,6,5,31
191,2,Owl,7.43,2.8,12,0,22
192,2,Lark,7.5,3.7,0,1,29
193,2,Lark,6.19,3.2,10,3,27
194,2,Lark,5.96,3.24,12,6,0
195,3,Neither,7.52,2.75,3,5,21
196,4,Neither,8.07,3.4,6,1,33
197,3,Neither,7.98,3.3,0,0,20
198,3,Neither,8.81,2.8,10,2,29
199,2,Owl,8.82,3.32,7,0,28
200,4,Owl,9.05,3.7,9,6,28
201,4,Neither,7.63,3,10,6,30
202,2,Neither,8.75,3.2,0,0,35
203,3,Lark,6.43,2,0,2,22
204,4,Neither,7.93,2.98,10,14,31
205,4,Owl,9.61,3,7,3,32
206,4,Neither,8.42,2.5,20,1,29
207,2,Neither,7.38,3.2,9,0,25
208,2,Owl,8.19,3.6,0,1,28
209,2,Neither,8.24,3.2,7,1,26
210,3,Owl,8.46,3.56,6,4,22
211,2,Neither,8.9,3,0,1,28
212,4,Neither,7.93,3.1,7,0,27
213,3,Neither,6.96,3.3,10,1,27
214,2,Lark,7.93,3.55,3,1,23
215,2,Lark,8.39,2.9,10,0,33
216,1,Neither,8.57,4,0,1,24
217,1,Neither,8.23,3.75,0,2,25
218,1,Lark,9.11,3.42,5,0,26
219,4,Neither,8.43,2.5,10,6,30
220,3,Lark,7.68,3,20,2,17
221,2,Owl,8.36,3,15,2,28
222,3,Neither,7.91,3,10,2,31
223,2,Neither,8.27,3.23,9,0,30
224,2,Owl,7.94,2.4,1,3,24
225,1,Neither,8.68,3.2,3,2,22
226,3,Owl,7.44,3,15,5,29
227,4,Neither,7.24,3.35,18,2,24
228,2,Owl,8.21,2.8,10,4,26
229,3,Lark,9.64,3.25,3,1,29
230,2,Lark,9.21,3.6,2,0,18
231,2,Neither,7.29,2.8,24,6,18
232,2,Neither,5.64,3.5,2,0,30
233,1,Neither,7.25,3.5,3,0,27
234,2,Neither,8.61,3.4,4,0,25
235,2,Lark,7,3.3,5,6,18
236,3,Neither,7.14,3.4,10,0,26
237,1,Neither,8.26,2.8,7,1,32
238,3,Neither,7.98,3.72,3,2,32
239,1,Neither,7.75,3.4,8,0,23
240,2,Lark,8.26,3.3,6,3,27
241,2,Neither,10,2.7,7,0,25
242,2,Owl,8.75,3.4,0,0,30
243,2,Neither,8.86,3.15,12,2,30
244,1,Neither,8.24,3.5,6,0,30
245,1,Lark,6.5,2.5,5,8,29
246,1,Owl,8.54,3.25,7,0,34
247,3,Neither,8.38,3.15,5,10,30
248,3,Lark,7.61,3.34,0,0,30
249,3,Neither,7.55,3.35,3,7,16
250,1,Neither,9.17,3,5,1,20
251,3,Neither,8.07,3.5,5,1,35
252,2,Neither,8.55,2.6,7,0,31
253,2,Neither,8.82,2.5,13,3,32
