participant,study,film,extraversion,neuroticism,impulsivity,sociability,energetic_arousal_before,energetic_arousal_after,tense_arousal_before,tense_arousal_after,positive_affect_before,positive_affect_after,negative_affect_before,negative_affect_after
1,maps,neutral,18,9,7,10,24,6,14,5,26,7,2,4
2,maps,neutral,16,12,5,8,9,4,13,14,10,5,4,5
3,maps,neutral,6,5,3,1,1,2,14,15,4,3,2,1
4,maps,neutral,12,15,4,6,5,4,15,15,1,0,0,2
5,maps,neutral,14,2,5,6,12,14,20,15,7,16,13,13
6,maps,sad,6,15,2,4,9,7,14,12,5,2,1,2
7,maps,sad,15,12,4,9,1,13,5,14,7,8,0,8
8,maps,horror,18,10,7,9,17,19,11,15,10,16,1,0
9,maps,horror,15,1,3,11,19,19,5,6,14,14,0,0
10,maps,horror,8,10,2,5,15,28,8,19,7,11,0,2
11,maps,sad,13,9,3,9,14,9,13,21,10,3,2,7
12,maps,comedy,14,1,3,12,24,27,15,11,23,29,2,0
13,maps,comedy,15,2,4,10,7,11,14,17,1,4,0,0
14,maps,comedy,19,3,7,11,21,23,13,18,20,21,1,2
15,maps,sad,15,7,4,10,22,16,15,18,16,12,1,4
16,maps,sad,11,13,6,5,2,23,0,26,5,21,0,9
17,maps,sad,16,18,5,10,3,8,11,17,3,4,7,18
18,maps,sad,17,11,6,11,19,21,18,20,23,21,1,6
19,maps,sad,7,10,2,4,14,18,21,22,17,12,8,12
20,maps,sad,13,12,4,8,9,11,6,10,1,8,0,1
21,maps,horror,14,3,5,7,18,16,8,17,12,7,0,2
22,maps,horror,11,10,3,7,11,16,12,22,5,12,1,4
23,maps,horror,20,10,7,10,5,10,10,25,2,2,1,6
24,maps,horror,12,8,1,10,4,11,15,19,3,7,0,1
25,maps,horror,13,9,4,7,14,13,13,15,12,15,1,3
26,maps,horror,10,9,3,7,6,15,7,17,4,10,0,6
27,maps,comedy,18,2,6,10,7,10,10,9,15,10,0,0
28,maps,comedy,14,12,5,7,12,21,10,13,11,16,1,0
29,maps,neutral,13,7,4,7,12,15,11,14,7,5,2,0
30,maps,comedy,16,19,6,9,6,19,13,11,16,24,2,0
31,maps,comedy,11,14,5,4,13,13,18,19,16,15,10,10
32,maps,comedy,8,17,3,5,9,15,23,13,9,14,11,5
33,maps,comedy,10,15,5,3,3,20,12,17,7,15,2,1
34,maps,neutral,13,14,5,8,24,22,16,13,22,22,4,1
35,maps,neutral,11,10,4,5,20,21,9,23,12,13,0,11
36,maps,horror,5,9,1,3,7,19,12,20,3,8,2,4
37,maps,neutral,13,10,5,8,0,0,8,8,1,0,3,1
38,maps,horror,7,5,1,3,1,0,10,10,0,2,0,0
39,maps,neutral,12,10,4,7,24,18,18,13,28,21,2,0
40,maps,horror,10,13,5,4,6,7,10,11,1,2,6,1
41,maps,horror,14,14,3,10,13,12,15,22,17,10,9,14
42,maps,horror,11,8,3,7,19,16,9,16,18,11,0,1
43,maps,sad,15,2,5,9,23,15,11,19,27,15,2,20
44,maps,sad,14,18,5,7,11,14,4,9,10,12,0,10
45,maps,comedy,19,11,7,9,18,23,19,17,13,24,7,0
46,maps,sad,14,13,5,8,5,3,14,12,6,1,6,6
47,maps,sad,11,17,3,8,4,5,16,24,6,5,15,15
48,maps,sad,16,13,5,9,6,5,12,16,8,7,9,11
49,maps,sad,19,13,6,11,6,3,24,25,17,14,11,16
50,maps,sad,20,7,8,10,19,12,13,16,15,8,0,6
51,maps,comedy,7,16,0,5,11,21,12,18,12,15,0,1
52,maps,sad,10,18,5,3,15,12,12,21,6,4,1,7
53,maps,sad,9,13,2,6,13,14,9,19,15,6,3,6
54,maps,sad,12,13,4,6,10,9,16,9,2,0,4,0
55,maps,neutral,14,12,5,8,19,15,5,9,16,9,0,2
56,maps,neutral,20,6,7,12,7,10,8,9,8,15,1,0
57,maps,neutral,11,8,3,7,23,18,17,16,19,13,1,4
58,maps,comedy,10,10,4,5,2,6,5,8,10,8,0,0
59,maps,comedy,14,10,5,8,16,23,7,13,14,18,0,0
60,maps,neutral,12,10,4,7,5,4,12,16,14,10,4,5
61,maps,neutral,15,3,3,11,8,9,7,10,8,11,0,0
62,maps,neutral,12,7,2,9,16,20,8,14,21,23,0,0
63,maps,horror,5,15,3,1,11,12,11,22,4,6,9,5
64,maps,comedy,13,6,4,7,21,19,14,18,18,11,2,3
65,maps,comedy,10,6,1,9,14,19,7,10,9,16,0,0
66,maps,comedy,5,19,3,2,8,16,16,13,7,14,17,0
67,maps,comedy,6,14,3,2,7,17,13,11,3,16,1,1
68,maps,comedy,18,2,7,9,26,29,11,12,27,20,2,0
69,maps,horror,12,18,4,7,0,10,7,8,4,12,6,4
70,maps,horror,18,13,5,11,12,8,14,15,7,2,5,3
71,maps,horror,17,13,6,10,14,14,19,16,20,17,4,4
72,maps,horror,17,13,6,9,20,24,13,19,18,16,0,1
73,maps,horror,12,5,5,4,23,21,11,21,22,17,0,8
74,maps,neutral,6,3,2,2,16,14,8,6,10,10,2,2
75,maps,neutral,18,6,7,8,23,23,13,11,19,20,0,0
76,maps,neutral,12,16,2,9,8,1,24,20,8,9,23,18
77,maps,comedy,17,7,6,10,1,4,17,15,0,8,7,1
78,maps,neutral,19,10,8,10,9,6,12,18,3,3,1,0
79,maps,comedy,13,18,6,6,16,23,24,16,13,15,8,3
80,maps,comedy,13,10,5,8,11,16,11,12,9,13,3,0
81,maps,comedy,11,8,3,6,22,21,16,15,16,8,1,1
82,maps,comedy,17,13,7,9,20,20,12,15,12,16,3,0
83,maps,comedy,19,8,7,9,11,17,9,14,12,15,1,0
84,maps,sad,15,12,6,8,0,14,10,22,1,6,4,10
85,maps,neutral,16,0,4,12,14,15,6,7,8,13,0,0
86,maps,sad,13,3,4,8,12,11,11,21,5,3,0,6
87,maps,sad,16,4,6,9,16,12,16,16,14,11,3,7
88,maps,horror,14,10,7,7,10,11,10,19,6,6,1,7
89,maps,neutral,13,14,3,8,2,0,22,22,8,6,13,15
90,maps,neutral,10,8,2,6,2,1,10,9,10,8,2,1
91,maps,neutral,6,5,2,1,1,0,3,3,1,5,0,0
92,maps,neutral,2,11,1,1,8,7,8,6,9,9,2,3
93,maps,horror,6,18,1,4,0,23,10,30,2,14,1,14
94,maps,horror,11,15,2,7,0,3,15,21,0,0,3,3
95,maps,horror,19,11,6,11,12,18,5,13,13,17,4,7
96,maps,horror,17,18,8,8,0,12,25,25,9,12,28,30
97,maps,comedy,17,12,6,10,5,12,11,14,6,9,6,1
98,maps,horror,10,21,2,8,7,7,23,29,5,4,12,13
99,maps,sad,13,12,4,8,21,10,26,26,21,11,17,19
100,maps,sad,12,7,5,6,16,18,10,18,11,10,1,9
101,maps,comedy,14,7,3,9,17,14,18,14,20,16,3,2
102,maps,comedy,13,13,5,6,0,0,19,20,3,4,6,5
103,maps,sad,22,10,9,11,0,7,6,23,0,1,0,7
104,maps,comedy,8,11,3,4,0,5,15,16,0,15,5,7
105,maps,comedy,22,12,8,11,3,19,19,15,4,17,6,0
106,maps,comedy,14,9,4,9,7,16,12,14,9,12,2,0
107,maps,comedy,9,12,3,6,16,14,12,15,13,14,9,6
108,maps,neutral,12,11,5,5,4,3,7,9,10,7,1,0
109,maps,neutral,16,3,4,10,2,1,10,14,1,1,0,0
110,maps,neutral,13,6,5,7,0,0,10,15,1,0,0,1
111,maps,neutral,15,13,3,11,1,1,14,12,6,3,2,0
112,maps,neutral,16,10,7,6,12,7,11,11,7,5,0,0
113,maps,sad,14,5,5,8,15,15,5,20,19,17,0,6
114,maps,sad,9,13,2,5,4,9,14,21,4,3,1,15
115,maps,horror,13,10,5,8,26,23,14,19,19,24,3,10
116,maps,sad,21,5,7,12,1,4,10,20,4,1,1,10
117,maps,horror,15,7,4,9,15,15,13,25,13,5,0,9
118,maps,horror,12,2,2,8,17,12,10,9,9,8,0,0
119,maps,sad,17,8,4,11,11,15,5,21,17,21,2,19
120,maps,sad,13,10,5,8,7,14,7,21,5,12,1,10
121,maps,sad,9,5,1,7,7,8,8,16,6,3,1,3
122,maps,sad,19,6,7,9,4,13,20,22,2,2,8,5
123,maps,sad,12,10,3,7,16,12,12,13,16,11,4,10
124,maps,sad,16,7,4,11,18,13,11,20,21,15,1,4
125,maps,sad,10,2,7,2,21,23,13,27,28,23,6,16
126,maps,sad,13,19,5,7,16,16,10,26,6,5,0,9
127,maps,sad,13,11,6,7,4,21,13,24,10,9,3,6
128,maps,neutral,13,17,5,8,14,16,22,16,10,12,13,4
129,maps,neutral,17,7,6,10,29,10,17,18,25,2,2,4
130,maps,comedy,11,20,3,8,13,13,9,11,11,10,1,1
131,maps,comedy,14,10,5,8,7,6,20,18,2,3,13,10
132,maps,comedy,14,12,5,9,14,11,19,16,24,24,7,5
133,maps,neutral,11,10,4,6,9,10,9,13,10,6,0,0
134,maps,neutral,10,10,3,6,9,6,10,12,10,11,0,0
135,maps,neutral,14,8,5,7,18,14,15,14,18,15,2,2
136,maps,neutral,13,11,4,8,11,7,16,11,15,12,10,5
137,maps,neutral,15,13,3,11,0,13,10,22,7,12,7,11
138,maps,neutral,13,22,5,7,5,7,16,15,1,3,5,5
139,maps,sad,13,2,4,8,8,11,14,15,9,9,3,4
140,maps,sad,20,9,7,11,13,11,8,8,9,8,1,2
141,maps,sad,15,12,5,7,14,16,14,21,10,6,1,10
142,maps,sad,10,18,4,5,2,9,13,23,7,4,2,10
143,maps,sad,22,3,8,12,18,20,17,21,18,17,5,14
144,maps,horror,10,8,2,7,12,17,11,18,14,17,9,15
145,maps,horror,16,13,5,9,17,15,18,26,17,6,1,11
146,maps,comedy,16,12,6,7,0,8,12,13,0,3,3,0
147,maps,comedy,16,14,5,9,3,8,24,20,8,12,16,8
148,maps,comedy,18,12,5,10,3,3,19,16,14,16,4,3
149,maps,comedy,18,10,7,10,7,20,11,12,5,18,3,0
150,maps,horror,4,12,0,4,8,8,15,15,0,0,3,0
151,maps,horror,12,2,4,7,6,7,15,16,0,0,0,0
152,maps,horror,21,0,8,12,20,19,14,12,21,21,5,4
153,maps,horror,12,15,4,6,2,17,16,21,7,11,3,2
154,maps,horror,21,9,8,10,6,2,14,16,5,2,0,0
155,maps,horror,11,16,2,8,1,7,13,15,7,6,2,3
156,maps,neutral,19,5,5,11,16,12,17,14,12,7,0,1
157,maps,neutral,15,13,7,8,18,19,9,9,18,20,4,1
158,maps,neutral,1,12,1,0,8,9,16,17,1,1,3,1
159,maps,neutral,14,9,6,5,15,27,13,25,9,20,4,11
160,maps,neutral,20,16,8,9,2,6,15,17,2,5,6,2
161,flat,comedy,7,19,5,2,2,3,14,15,2,3,2,0
162,flat,sad,10,16,3,4,3,7,18,17,0,0,3,2
163,flat,sad,11,7,2,9,21,23,11,21,18,14.5,1,15
164,flat,sad,10,22,4,4,7,14,22,21,6,12,14,20
165,flat,sad,8,6,1,7,4,2,8,8,3,0,0,3
166,flat,comedy,17,14,6,10,1.3,0,9,17,0,0,9,0
167,flat,comedy,17,6,5,11,7,13,13,15,7,10,1,0
168,flat,comedy,18,5,5,11,15,20,13,16,14,15,0,0
169,flat,comedy,15.8,6.3,5,8.5,0,0,12,11,4,3,0,0
170,flat,comedy,7,12,2,4,3,10,15,14.6,4,7.5,7,0
171,flat,horror,7,7,2,5,3,2,14,12,7,7,4,1
172,flat,neutral,10,11,2,8,20,19,8,8,21,16,0,0
173,flat,horror,12,3,3,7,9,15,6,13,7,6,0,1
174,flat,neutral,19,11,7,11,6,14,13,18,11,12,6,2
175,flat,sad,16,7,4,10,0,10,8,12,10,6,0,4
176,flat,horror,5,21,2,2,0,7,17,22,1.5,5,5,6
177,flat,horror,20,11,7,11,5,11,13,21,5,4,4,6
178,flat,horror,12,14,5,7,8,15,14,20,5,14,5,6
179,flat,sad,7,3,2,3,8,4,17,20,4,5,12,7
180,flat,sad,16,13,6,8,0,6,14,19,1,0,3,12
181,flat,sad,12,12,4,7,13,15,16,21,18,11,8,13
182,flat,horror,12,8,3,8,6,7,10,21,9,5,1,6
183,flat,neutral,19,5,7,10,4,3,3,7,8,6,0,0
184,flat,neutral,18,7,7,9,16,6,7,14,11,6,2,5
185,flat,neutral,17,15,7,8,17,0,13,8,20,5,6,1
186,flat,neutral,15,12,4,10,11,7,11,12,7,5,9,4
187,flat,neutral,14,12,2,11,1,1,11,9,9,10,9,5.5
188,flat,horror,14,9,5,8,0,7,11,22,0,8,3,4
189,flat,horror,15,15,6,7,5,5,14,21,2,3,3,3
190,flat,horror,13,18,3,8,9,1,10,15,7,2,0,4
191,flat,horror,14,14,5,8,1,2.5,16,21.5,0,1,2,6
192,flat,sad,18,17,8,8,9,9,15,12,10,3,7,8
193,flat,comedy,12,10,4,7,11,16,12,16,9,11,0.8,1
194,flat,comedy,21,13,8,12,18,9,16,16,13,9,9,5
195,flat,comedy,10,4,4,5,23,17,14,14,18,16,2,2
196,flat,comedy,13,2,3,8,9,13.5,10,10,12,14,5,2
197,flat,sad,19,16,5,13,9,5,13,10,8,4,6,7
198,flat,sad,12,10,4,7,12,9,18,17,12,10,7,7
199,flat,sad,18.1,9.1,7.1,10,8,7,11,15,6,3,1,8
200,flat,sad,7,13,2,3,27,11,26,16,18,2,8,7
201,flat,sad,11,13,3,5,4,0,10,18,5,1,5,19
202,flat,neutral,7,20,3,3,8,1,9,16.4,7,7,1,1.9
203,flat,neutral,9,5,0,9,16,5,12,12,5,1,0,0
204,flat,neutral,4,17,1,1,1,17,24,11,12,23,23,7
205,flat,neutral,11,4,2,9,9,9,16,17,9,10,5,5
206,flat,neutral,11,10,5,6,7.1,13,16,14,10,8,4,2
207,flat,comedy,11,10,2,8,5,13,15,14,0,1,1,0
208,flat,comedy,20,1,6,11,22,20,15,16,22,16,1,0
209,flat,comedy,12,5,3,9,20,16,18.5,13.5,16,11,2,1
210,flat,comedy,19,0,7,11,19,14,15,9,13,9,0,0
211,flat,sad,15,4,4,10,11,8,16,19,7,2,0,3
212,flat,sad,19,5,7,10,1,4,10,16,6,0,0,3
213,flat,sad,14,7,5,9,4,2,10,23,8,6,0,12
214,flat,sad,9,11,3,6,4,7,10,10,4,2,0,2
215,flat,sad,19,10,5,12,12,14,13,19,22,16,4,13
216,flat,neutral,9,16,3,5,5,17,10,20,12,19,8,12
217,flat,horror,1,15,0,1,6,9,10,14,6,5,2,6
218,flat,horror,10,12,4,5,1,0,15,19,8,2,8,10
219,flat,horror,16,16,6,9,5,4,11,21,10,6,1,9
220,flat,comedy,15,17,5,9,2,14,9,14,2,5,3,0
221,flat,horror,19,5,6,11,7,13,16,15,8,10,5,3
222,flat,horror,5,9,0,3,0,0,8,9,0,0,0,0
223,flat,comedy,16,12,5,9,7,17,20,16,15,20,18,11
224,flat,neutral,4,16,3,1,8,9,19,14,0,1,12,0
225,flat,neutral,14,11,5,8,0,11,18,11,5,12,8,1
226,flat,neutral,11,6,2,8,5,1,13,9,3,4,3,5
227,flat,comedy,13,13,6,6,5,12,19,16,1,6,3.1,0
228,flat,neutral,12,9,3,9,7,6,13,14,6,3,1,0
229,flat,neutral,17,12,5,9,0,4,18,18,0,2,0,0
230,flat,horror,13,8,3,8,5,10,11,11,4,12,1,2
231,flat,horror,17,4,7,8,8,11,12.5,12.5,3,2,3,0
232,flat,horror,13,11,3,9,3,6,18,23,6,7,7,8
233,flat,comedy,21,6,8,11,2,9,6,9,3,8,0,0
234,flat,sad,6,8,2,4,7.6,1,12.9,18,7.5,7,3.8,12
235,flat,sad,10,18,4,5,1,0,12,12,0,0,1,2
236,flat,sad,19,11,6,10,13,13,15,16,7,8,4,3
237,flat,sad,7,18,3,3,2,9,13.5,17.5,0,2,2,15
238,flat,sad,8,9,3,3,0,3,8,10,1,1,2,4
239,flat,horror,9,6,1,6,13,23,8,15,8,26,2,0
240,flat,horror,10,6,2,6,17,14,16,23,12,10,16,18
241,flat,horror,14,14,5,8,0,2,11,16,0,0,1,1
242,flat,horror,11,4,3,6,17,24,12,25,13,10,5,7
243,flat,horror,6,3,1,4,13,11,15,16,10,6,2,4
244,flat,horror,10,11,3,5,1,4,14,20,0,2,3,4
245,flat,neutral,6,10,2,2,2,4,17,18,4,4,5,8
246,flat,neutral,10,11,2,7,0,6,17,11,5,11,8,3
247,flat,horror,13,10,4,8,9,11,13,18,7,9,1,5
248,flat,horror,13,9,3,10,10,13,15,20,11,15,3,9
249,flat,neutral,2,20,1,0,7,5,10,8,4,3,2,0
250,flat,neutral,11.7,3,4,6.7,12,15,12,14,3,11,3,0
251,flat,horror,11,5,3,8,9,22,6,23,5,9,0,4
252,flat,horror,11,12,4,6,1,7,15,20,1,0,4,2
253,flat,horror,21,5,7,11,0,19,18,31,3,12,11,15
254,flat,neutral,2,22,2,0,3,0,24.5,14,0,0,11,0
255,flat,neutral,18,8,5,11,0,3,18,18,0,0,0,0
256,flat,neutral,18,17,7,8,17,19,14,10,18,14,4,1
257,flat,neutral,20,11,6,12,22,21,16.5,16.5,25,26,0,0
258,flat,comedy,19,5,6,11,6,15,12,14,6,10,1,0
259,flat,comedy,16,17,6,10,16,21,12,15,14,18,4,4
260,flat,comedy,14,13,5,7,0,6,15,15,3,10,6,4
261,flat,comedy,16,16,4,9,17,19,14,16,15,17,15,6
262,flat,comedy,9,6,1,7,2,5,5,10,4,8,1,0
263,flat,comedy,18,9,5,13,21,25,12,16,19,22,0,0
264,flat,neutral,10,10,3,5,13,0,11,8,11,3,0,0
265,flat,comedy,17,6,6,11,7,7,9,16,13,14,7,5
266,flat,comedy,15,16,7,7,19,16,10,15,25,22,8,12
267,flat,neutral,15,12,6,7,5,16,12,14,9,15,2,1
268,flat,neutral,7.7,13,3,3.7,17,18,12.5,13.5,11,14,2,0
269,flat,neutral,16,23,4,10,6,10,18,18,5,14,8,13
270,flat,sad,10,4,2,7,8,8,14,14,15,10,4,7
271,flat,sad,2,5,0,0,12,13,19,19,8,6,5,4
272,flat,sad,13,1,2,11,29,23,10,12,29,20,0,1
273,flat,comedy,9,16,5,2,12,15,8,6,10,15,2,1
274,flat,comedy,16,11,5,9,3,11,10,15,2,10,1,1
275,flat,comedy,17,4,8,7,19,22,4,10,15,14,0,0
276,flat,comedy,15,16,5,8,0,4,13,12.7,13,12.8,5,3
277,flat,neutral,13,20,2,9,0,9,14,14.1,1,1,3,0.5
278,flat,comedy,17,23,6,10,19,10,18,18,13,12,6,6
279,flat,comedy,0,17,0,0,1,13,15,17,3,5,5,0
280,flat,comedy,10,21,5,5,5,6,15,10,6,7,3,1
281,flat,comedy,13,1,4,9,1,10,8,13,8,8,0,0
282,flat,neutral,16,8,3,12,11,3,14,11,11,8,9,8
283,flat,neutral,19,12,7,9,16,13,20,10,13,8,9,1
284,flat,neutral,16,14,5,11,5,6,15,14,4,10,4,0
285,flat,sad,8,13,2,4,6,8,11,17,10,3,7,9
286,flat,sad,10,11,2,6,3,0,14,20,0,1,4,8
287,flat,sad,21,12,7,11,1,2,10,11,4,2,1,2
288,flat,sad,12,12,2,9,3,2,15,17,11,7,6,11
289,flat,sad,16,13,5,11,0,2,18,20,0,1.6,7,10.3
290,flat,horror,14,10,4,9,5,10,10,13,7,9,6,5
291,flat,horror,4,12,3,2,10,11,19,21,9,10,12,12
292,flat,sad,18,12,7,9,23,15,13,17,25,12,1,14
293,flat,sad,13,8,3,7,7,3,2.5,12.5,4,1,2,6
294,flat,sad,5,4,0,3,0,11,11,17,1,11,7,20
295,flat,horror,10,7,4,6,10,11,13,22,1,0,0,2
296,flat,horror,17,11,7,8,15,22,12,18,21,24,6,7
297,flat,comedy,21,12,7,12,10,11,10,11,8,7,0,0
298,flat,horror,3,7,1,1,11,8,14,18,15,3,2,9
299,flat,horror,15,7,3,10,0,7,12,18,0,0,0,0
300,flat,horror,19,9,7,11,0,3,15,16,0,0,1,5
301,flat,horror,16,4,5,9,7,14,13,23,7,9,2,6
302,flat,comedy,19,5,6,11,22,24,16,17,17,17.7,0,0
303,flat,comedy,15,15,7,7,0,0,16,14,0,0,16,7
304,flat,comedy,4,1,2,1,9,17,11,14,10,9,0,0
305,flat,horror,6,8,2,2,0,0,20,19,8,7,10,8
306,flat,horror,17,6,5,11,11,11,10,28,7,2,0,15
307,flat,horror,12,11,4,6,5,17,10,21,8,11,1.4,3
308,flat,neutral,5,21,3,2,2,3,18,14,0,0,7,2
309,flat,neutral,15,3,4,11,13,17,10,10,7,15,2,0
310,flat,neutral,11,4,2,7,15,6.7,10,19.9,18,14,7.3,14.1
311,flat,neutral,17,7,5,10,7,0,14,15,9,7,2,4
312,flat,sad,14,7,3,10,11,6,11,15,9,4,1,6
313,flat,sad,20,14,8,9,2,1,10,11,7,5,2,2
314,flat,sad,18,17,6,9,3,7,13,24,7,11,7,22
315,flat,sad,10,5,4,5,13,7,15,19,11,4,2,10
316,flat,horror,13,11,5,5,16,13,6,9,12,7,0,0
317,flat,comedy,17,0,6,10,18,16,11,10,18,9,0,0
318,flat,comedy,11,8,1,10,8,6,8,7,5,6,2,0
319,flat,comedy,15,16,5,9,8,4,24,6,1,0,8,1
320,flat,comedy,14,8,6,7,0,1,12,14,1,1,4,0
321,flat,comedy,16,5,5,9,4,10.7,12,13,1,9.3,0.4,0
322,flat,comedy,11,9,3,7,8,21,15.5,10.5,1,17,6,0
323,flat,comedy,16,6,5,8,1,2,9,11,5,3,2,1
324,flat,comedy,11,5,4,5,0,5,10,7,0,1,1,0
325,flat,sad,14,1,3,9,19,21,9,9,20,17,0,2
326,flat,sad,17,16,5,10,0,0,7,14,1,1,7,9
327,flat,neutral,18,6,8,9,8,20,8,13,1,14,2,1
328,flat,neutral,16,22,8,6,8,9,15,12,0,0,0,0
329,flat,neutral,8,10,1,6,5,3,16,17,0,1,6,2
330,flat,neutral,14,7,2,10,1,4,10,10,3,3,0,0
