child_id,school,grade,sex,age_years,visual_perception,cubes,lozenges,general_information,paragraph_comprehension,sentence_completion,word_meaning,addition_speed,counting_dots_speed,word_recognition_memory,figure_recognition_memory,deduction,number_puzzles
1,Pasteur,7,boy,13.1,20,31,3,40,7,23,9,78,115,170,96,3,14
2,Pasteur,7,girl,13.6,32,21,17,34,5,12,9,87,125,184,100,-3,13
3,Pasteur,7,girl,13.1,27,21,15,20,3,7,3,75,78,170,95,-3,9
4,Pasteur,7,boy,13.2,32,31,24,42,8,18,17,69,106,181,91,-2,10
5,Pasteur,7,girl,12.2,29,19,7,37,8,16,18,85,126,187,104,29,15
6,Pasteur,7,girl,14.1,32,20,18,31,3,12,6,100,133,164,104,9,2
7,Pasteur,7,boy,12.1,17,24,8,40,10,24,20,108,124,121,78,18,10
8,Pasteur,7,girl,12.2,34,25,15,29,11,17,9,78,103,184,106,15,9
9,Pasteur,7,girl,13,27,23,12,29,8,23,19,104,93,184,105,12,15
11,Pasteur,7,girl,12.4,21,21,6,33,8,20,18,95,91,175,100,33,8
12,Pasteur,7,boy,12.2,22,23,16,38,6,14,11,86,114,173,107,10,9
13,Pasteur,7,boy,12.9,35,24,23,33,8,18,19,85,103,167,108,48,18
14,Pasteur,7,girl,12.6,34,18,33,33,8,16,16,135,104,166,103,21,13
15,Pasteur,7,girl,12.7,36,22,14,32,14,16,11,118,94,186,102,9,12
16,Pasteur,7,boy,12.5,35,23,29,54,15,22,21,92,87,168,102,36,15
17,Pasteur,7,girl,12.1,28,19,19,27,8,17,5,94,76,181,99,21,14
18,Pasteur,7,girl,14.9,26,19,12,35,6,16,9,85,133,164,100,5,5
19,Pasteur,7,boy,13.4,30,27,18,25,6,10,12,92,105,149,98,25,15
20,Pasteur,7,girl,12.7,34,21,32,62,13,21,26,90,97,171,107,48,23
21,Pasteur,7,girl,12.2,38,35,24,41,11,15,18,80,107,186,105,18,16
22,Pasteur,7,boy,14.8,35,32,16,22,5,10,4,60,92,169,96,54,15
23,Pasteur,7,boy,12.8,40,34,33,24,6,13,15,103,109,169,105,87,19
24,Pasteur,7,boy,12.9,30,25,15,37,10,23,22,80,92,166,101,27,13
25,Pasteur,7,girl,12.7,23,22,13,35,8,12,7,134,106,173,99,0,14
26,Pasteur,7,boy,12.2,34,22,10,45,7,15,9,108,92,154,106,30,13
27,Pasteur,7,boy,12.6,32,16,27,46,5,14,10,132,125,175,110,64,17
28,Pasteur,7,boy,12.7,33,21,36,18,8,9,5,95,102,190,106,48,14
29,Pasteur,7,girl,13.2,36,20,17,27,5,12,8,65,111,172,98,21,14
30,Pasteur,7,girl,12.4,28,24,34,31,6,12,14,118,117,196,101,10,13
31,Pasteur,7,girl,12.2,30,18,6,30,8,13,13,107,97,192,109,-3,11
33,Pasteur,7,girl,12.6,21,23,11,29,6,14,13,111,139,163,101,20,16
34,Pasteur,7,boy,16,18,24,2,29,5,12,7,47,73,159,92,1,1
35,Pasteur,7,girl,12.2,30,21,14,52,8,21,14,62,86,173,101,25,10
36,Pasteur,7,girl,12.2,25,24,19,44,10,17,13,124,87,182,96,11,15
38,Pasteur,7,girl,13.2,20,15,12,30,4,12,6,64,104,181,87,7,8
39,Pasteur,7,boy,13.8,29,21,4,32,5,19,10,72,75,176,87,27,17
40,Pasteur,7,boy,12.8,33,28,28,34,8,16,14,88,80,173,89,11,16
41,Pasteur,7,girl,12.7,23,18,18,35,9,12,12,94,70,154,87,24,12
42,Pasteur,7,girl,12.5,38,16,31,47,12,21,23,127,109,173,105,9,18
43,Pasteur,7,boy,12.4,35,31,20,58,9,21,22,74,90,172,105,9,11
44,Pasteur,7,girl,12.1,23,23,13,32,8,17,15,113,102,180,112,24,13
45,Pasteur,7,girl,13.5,19,20,10,39,5,17,11,65,106,155,97,24,10
46,Pasteur,7,girl,13.7,11,21,8,28,5,15,4,91,95,164,58,19,8
47,Pasteur,7,boy,14.7,25,21,15,27,6,12,10,91,112,178,103,27,13
48,Pasteur,7,boy,14.2,38,22,22,54,14,22,14,124,100,188,109,42,6
49,Pasteur,7,boy,13.6,36,22,36,27,9,17,9,111,100,180,100,21,6
50,Pasteur,7,boy,13.4,43,34,32,16,2,4,7,77,127,155,109,81,15
51,Pasteur,7,girl,13.5,19,19,11,30,8,13,9,141,160,191,96,9,12
52,Pasteur,7,boy,12.9,26,22,22,35,6,9,7,130,118,178,92,12,19
54,Pasteur,7,girl,13.2,27,25,9,40,11,22,15,59,96,184,102,-6,9
55,Pasteur,7,boy,13.6,33,23,30,16,5,9,1,54,101,170,95,28,13
56,Pasteur,7,boy,12.3,42,24,17,47,7,18,10,84,103,171,111,18,16
57,Pasteur,7,boy,15.6,23,30,26,8,2,6,1,75,84,171,106,27,14
58,Pasteur,7,boy,13.3,31,19,14,48,10,14,15,80,102,165,102,11,11
60,Pasteur,7,boy,12.7,30,24,33,46,6,18,15,96,96,162,111,39,18
62,Pasteur,7,boy,14.3,34,21,17,28,8,18,10,93,114,173,81,6,4
63,Pasteur,7,boy,16.2,24,19,26,25,5,12,12,96,105,179,104,5,13
64,Pasteur,7,boy,13.2,35,21,31,51,8,22,17,79,116,188,106,60,15
65,Pasteur,7,girl,14,23,26,16,27,3,10,9,78,91,165,95,-3,13
66,Pasteur,7,boy,15.2,25,23,14,41,4,12,7,81,123,159,95,0,10
67,Pasteur,7,girl,12.4,32,23,27,37,12,22,18,121,124,186,111,46,19
68,Pasteur,7,girl,12.8,24,24,29,44,8,20,15,113,107,180,110,36,23
69,Pasteur,7,girl,12.8,32,27,11,16,5,10,5,61,77,179,94,12,11
70,Pasteur,7,girl,13.9,32,20,10,47,10,18,17,127,109,177,105,45,16
71,Pasteur,7,girl,13.1,22,23,29,33,8,20,10,76,90,170,107,21,13
72,Pasteur,7,girl,12.9,39,24,20,54,11,18,21,131,108,177,106,3,21
73,Pasteur,7,boy,14.9,24,37,32,42,9,15,7,83,115,185,110,45,9
74,Pasteur,7,girl,13,28,23,29,24,8,11,13,89,122,176,99,-1,9
75,Pasteur,7,girl,13.8,17,20,7,39,9,10,11,157,114,190,107,12,13
76,Pasteur,7,boy,12.7,28,20,6,55,13,16,19,109,119,175,103,21,13
77,Pasteur,7,girl,14.2,4,18,6,22,6,12,7,83,110,177,98,-3,13
78,Pasteur,7,boy,13.2,26,37,27,22,4,9,8,86,115,173,109,36,17
79,Pasteur,7,boy,13.1,30,18,21,44,5,11,11,121,147,170,103,30,12
80,Pasteur,7,boy,13.6,30,24,26,51,10,23,19,80,92,186,110,31,10
81,Pasteur,7,girl,12.8,25,21,17,20,9,13,5,80,114,186,108,9,16
82,Pasteur,7,girl,13.8,23,21,19,23,5,9,7,72,115,136,101,9,15
83,Pasteur,7,boy,12.5,34,28,17,56,12,19,16,130,114,157,100,-6,18
85,Pasteur,7,boy,16.6,10,23,11,25,0,6,8,131,80,159,103,6,12
86,Pasteur,8,girl,14.6,38,22,33,26,12,13,13,128,147,185,112,42,21
87,Pasteur,8,boy,14.1,24,21,20,22,3,6,13,108,103,188,107,6,12
88,Pasteur,8,boy,14.9,27,24,14,29,5,8,11,135,129,183,106,10,15
89,Pasteur,8,boy,13.6,28,32,34,45,9,19,17,118,115,185,109,15,18
90,Pasteur,8,boy,14.4,29,33,18,18,1,9,4,123,104,179,98,24,13
91,Pasteur,8,girl,13.2,29,26,14,22,7,14,5,133,115,187,103,10,16
93,Pasteur,8,girl,14.6,18,21,5,34,3,6,7,114,97,161,91,7,4
94,Pasteur,8,girl,12.9,38,25,20,49,10,23,26,106,137,188,112,27,16
95,Pasteur,8,girl,13.7,33,28,23,23,8,16,6,94,108,183,107,21,17
96,Pasteur,8,girl,13.2,32,24,22,45,12,20,15,127,91,178,89,5,17
97,Pasteur,8,girl,13.9,20,29,26,9,4,5,4,82,111,191,105,12,16
98,Pasteur,8,girl,13.8,33,20,18,39,11,18,12,96,119,166,103,45,16
99,Pasteur,8,boy,13.8,24,26,21,24,8,11,13,153,150,180,98,27,17
100,Pasteur,8,girl,14,23,25,27,19,6,15,3,124,156,167,108,19,13
101,Pasteur,8,boy,15.3,31,19,17,36,3,8,11,82,128,168,96,28,12
102,Pasteur,8,boy,13.7,26,14,7,24,8,13,8,83,96,185,104,19,9
103,Pasteur,8,boy,14.8,25,22,7,50,14,19,15,95,107,184,99,30,13
104,Pasteur,8,boy,13.7,30,23,34,34,12,17,17,82,72,193,114,56,15
105,Pasteur,8,boy,13.3,26,19,4,48,10,23,20,127,117,171,97,6,10
106,Pasteur,8,girl,13.2,45,30,17,48,16,27,19,118,111,174,104,39,16
108,Pasteur,8,girl,13.9,30,15,11,26,5,11,10,128,122,156,79,17,9
109,Pasteur,8,boy,13.3,33,25,22,58,11,18,23,113,103,159,95,12,13
110,Pasteur,8,boy,15.2,37,15,35,29,8,13,7,98,106,173,104,0,12
111,Pasteur,8,girl,13.8,39,26,15,30,11,15,12,104,88,185,116,28,17
112,Pasteur,8,boy,13.2,26,31,15,48,13,18,13,135,125,162,105,36,19
113,Pasteur,8,boy,13.3,28,21,13,52,10,18,20,88,97,162,101,18,15
114,Pasteur,8,boy,15.2,41,36,35,56,8,23,35,69,124,178,111,37,19
115,Pasteur,8,girl,12.8,27,26,25,45,8,22,15,146,130,189,109,39,18
116,Pasteur,8,girl,13.4,41,26,6,49,16,23,22,171,114,172,109,29,17
117,Pasteur,8,girl,13.8,33,27,30,32,8,11,14,96,136,171,114,34,10
118,Pasteur,8,girl,14.4,38,22,13,55,17,22,28,131,128,178,113,6,18
119,Pasteur,8,girl,13.2,25,17,18,30,10,14,10,103,83,192,109,24,23
120,Pasteur,8,boy,13.3,34,37,35,38,11,19,21,75,78,185,111,27,13
121,Pasteur,8,girl,13.1,38,21,21,39,13,17,11,66,120,177,105,24,7
122,Pasteur,8,boy,13.3,37,25,34,40,15,14,13,105,107,167,99,69,18
123,Pasteur,8,girl,14,31,26,14,48,12,21,13,108,86,168,99,46,16
124,Pasteur,8,boy,14.4,25,30,31,20,3,8,6,82,79,178,111,50,13
125,Pasteur,8,girl,13.1,25,23,8,45,11,19,13,111,117,172,96,25,15
126,Pasteur,8,boy,16,31,23,20,37,8,19,19,122,137,180,96,54,15
127,Pasteur,8,boy,13.8,26,21,32,35,9,11,7,128,132,145,112,2,18
129,Pasteur,8,boy,13.3,21,29,27,45,7,9,8,85,104,180,108,18,11
130,Pasteur,8,boy,16.4,28,19,13,28,8,13,14,94,111,161,89,21,14
131,Pasteur,8,girl,14.3,29,24,12,36,8,17,9,134,128,174,101,33,22
132,Pasteur,8,boy,15.1,30,22,19,45,10,12,14,106,128,158,91,18,13
133,Pasteur,8,girl,14.3,45,28,34,37,12,26,25,86,152,182,113,54,19
134,Pasteur,8,girl,15.7,32,21,33,25,7,15,11,84,107,184,99,63,7
135,Pasteur,8,boy,14.4,37,27,33,29,10,20,20,115,138,172,110,66,15
136,Pasteur,8,girl,15.3,32,35,25,38,13,16,8,92,139,175,94,36,14
137,Pasteur,8,girl,13.9,26,28,8,38,13,22,21,118,113,158,93,39,14
138,Pasteur,8,girl,13.9,29,28,9,43,10,20,16,113,105,177,92,23,16
139,Pasteur,8,girl,13.3,36,30,26,41,9,24,17,76,102,188,107,30,15
140,Pasteur,8,boy,14.1,30,18,13,40,6,11,4,104,125,177,108,19,15
142,Pasteur,8,boy,13.9,25,32,35,45,13,25,22,105,156,168,104,18,20
143,Pasteur,8,girl,14.1,34,22,28,42,12,17,16,167,127,176,107,30,18
144,Pasteur,8,girl,15.2,30,25,14,19,4,8,4,113,120,165,92,3,3
145,Pasteur,8,girl,13.5,21,21,18,31,6,15,13,108,105,172,105,-12,13
146,Pasteur,8,boy,14.6,44,32,21,44,8,20,17,79,120,168,98,17,13
147,Pasteur,8,boy,13.3,37,30,29,58,12,25,18,101,117,148,99,20,16
148,Pasteur,8,boy,13.8,29,21,36,45,13,23,20,77,102,173,96,44,13
149,Pasteur,8,boy,13.2,34,25,22,51,10,21,15,102,103,191,101,43,19
150,Pasteur,8,girl,14.2,33,27,36,45,7,18,18,144,131,191,110,42,18
151,Pasteur,8,girl,14.6,31,20,20,56,10,23,21,148,166,195,112,27,17
152,Pasteur,8,girl,14,19,15,12,41,10,23,16,139,105,171,112,13,23
153,Pasteur,8,girl,14.8,30,30,36,12,6,6,3,76,105,187,105,25,13
154,Pasteur,8,boy,15,43,36,31,40,11,21,33,88,142,162,112,34,20
155,Pasteur,8,girl,12.8,44,27,32,66,18,26,43,123,115,186,102,51,22
156,Pasteur,8,girl,15.7,12,22,5,31,8,20,6,55,112,170,84,12,11
157,Pasteur,8,girl,13.5,23,22,15,44,11,20,21,129,98,180,98,24,19
158,Pasteur,8,girl,13.7,25,24,10,44,12,20,18,160,125,188,101,9,13
159,Pasteur,8,girl,15.7,28,23,13,26,2,10,10,104,100,176,97,3,12
160,Pasteur,8,boy,14.3,35,19,21,55,17,22,29,82,126,178,100,42,22
162,Pasteur,8,boy,15.1,40,22,35,29,8,15,7,118,95,167,87,0,10
163,Pasteur,8,boy,13.9,41,29,34,60,15,23,34,130,151,184,109,35,23
164,Pasteur,8,boy,15.4,32,19,21,52,9,22,15,133,158,155,107,33,16
165,Pasteur,8,boy,14.1,29,20,19,46,9,17,17,124,150,146,91,24,19
166,Pasteur,8,girl,15.1,31,24,19,34,4,9,8,124,123,175,111,49,16
167,Pasteur,8,girl,15.6,38,27,9,21,9,10,10,108,112,189,106,39,18
168,Pasteur,8,girl,15.5,29,23,10,38,9,19,15,83,123,181,101,-6,10
201,Grant-White,7,boy,13,23,19,4,46,10,17,10,69,82,173,96,21,12
202,Grant-White,7,girl,11.8,33,22,17,43,8,17,10,65,98,174,106,33,12
203,Grant-White,7,boy,12.5,34,24,22,36,11,19,19,50,86,168,101,45,10
204,Grant-White,7,boy,11.9,29,23,9,38,9,19,11,114,103,130,101,25,21
205,Grant-White,7,boy,12.4,16,25,10,51,8,25,24,112,122,184,99,28,16
206,Grant-White,7,girl,12.5,30,25,20,42,10,23,18,94,113,188,116,36,14
208,Grant-White,7,girl,12.7,36,33,36,69,17,25,41,129,139,192,118,53,23
209,Grant-White,7,girl,11.9,28,25,9,35,10,18,11,96,95,168,113,26,17
210,Grant-White,7,girl,12.4,30,25,11,32,11,21,8,103,114,168,107,36,13
211,Grant-White,7,girl,12.4,20,25,6,39,9,21,16,89,101,181,97,7,6
212,Grant-White,7,boy,12,27,26,6,27,10,16,13,88,107,187,115,27,20
213,Grant-White,7,boy,12.8,32,21,8,27,1,7,11,103,136,173,106,45,18
214,Grant-White,7,boy,12.8,38,31,12,29,10,11,14,83,108,181,114,40,12
215,Grant-White,7,girl,12.7,17,21,6,35,5,10,10,99,87,166,90,0,9
216,Grant-White,7,boy,12.8,34,28,24,56,14,22,26,49,84,169,105,24,14
217,Grant-White,7,boy,13.1,25,31,18,37,7,12,11,65,80,186,113,42,13
218,Grant-White,7,girl,12.1,33,31,30,48,11,23,18,66,113,174,111,21,11
219,Grant-White,7,boy,13.1,40,23,20,65,10,23,35,72,104,174,102,30,18
220,Grant-White,7,girl,12.6,30,22,20,49,8,17,20,95,110,188,94,18,14
221,Grant-White,7,girl,12.1,36,28,22,59,13,24,36,82,103,193,117,32,16
222,Grant-White,7,boy,12.8,24,16,14,56,5,17,11,106,80,164,92,5,13
223,Grant-White,7,boy,12.7,40,26,26,56,13,24,25,88,121,191,105,54,20
224,Grant-White,7,girl,12.5,30,24,19,50,14,26,24,112,115,184,87,39,16
225,Grant-White,7,boy,14,42,27,27,25,7,13,4,126,200,198,116,47,24
226,Grant-White,7,girl,12.2,33,27,16,29,8,17,13,68,116,159,104,9,15
227,Grant-White,7,girl,12.3,32,22,15,39,9,20,17,74,118,180,93,0,8
228,Grant-White,7,boy,12.8,31,21,5,55,13,19,19,96,121,162,100,42,10
229,Grant-White,7,girl,14.6,27,23,4,24,9,11,7,55,118,173,102,6,7
230,Grant-White,7,boy,13.2,31,23,11,44,4,16,16,81,128,166,99,22,12
231,Grant-White,7,boy,12.4,31,34,3,49,9,19,17,51,92,179,100,21,17
232,Grant-White,7,girl,12,17,30,13,46,9,17,13,52,94,165,94,39,7
233,Grant-White,7,boy,12,30,20,13,51,9,20,21,108,113,181,111,68,15
234,Grant-White,7,boy,12.5,28,19,8,33,9,14,20,81,116,181,98,12,9
235,Grant-White,7,boy,13.2,19,22,8,18,5,12,4,50,72,178,100,2,6
236,Grant-White,7,boy,12,28,20,14,31,8,15,8,100,144,156,101,12,8
237,Grant-White,7,girl,12.8,38,25,13,41,9,23,15,56,130,178,96,36,8
238,Grant-White,7,girl,11.9,34,28,10,48,9,22,20,81,96,171,101,34,13
239,Grant-White,7,girl,13.7,18,22,5,20,2,4,2,30,61,156,90,2,2
240,Grant-White,7,girl,12.6,16,20,8,42,6,18,13,93,111,167,88,15,20
241,Grant-White,7,girl,12.3,18,30,17,52,19,24,33,92,108,175,103,30,21
242,Grant-White,7,girl,12.5,32,21,9,63,15,20,25,95,92,178,105,21,12
243,Grant-White,7,boy,12.5,34,21,9,47,9,23,24,58,91,159,101,21,11
244,Grant-White,7,boy,12.1,21,22,8,29,9,12,8,65,84,186,105,18,12
245,Grant-White,7,girl,12.8,28,20,14,37,8,18,10,61,100,189,100,3,11
246,Grant-White,7,girl,12.2,39,24,25,41,14,17,11,82,104,179,103,18,17
247,Grant-White,7,girl,12.3,32,26,10,47,11,23,23,62,83,173,104,54,15
248,Grant-White,7,girl,12.8,28,24,8,20,6,10,10,61,77,175,103,42,17
249,Grant-White,7,boy,12.4,24,20,22,44,11,19,18,71,94,186,105,38,15
250,Grant-White,7,girl,11.9,31,19,13,28,8,22,17,61,70,186,112,48,13
251,Grant-White,7,girl,12.7,29,26,25,53,10,22,18,85,128,185,111,33,16
252,Grant-White,7,boy,11.9,29,30,15,33,7,16,12,64,74,180,101,-1,9
253,Grant-White,7,boy,14.1,16,23,5,42,7,20,13,95,128,172,89,36,6
254,Grant-White,7,girl,12.3,25,25,26,32,5,7,5,46,72,176,108,30,14
256,Grant-White,7,boy,13.2,25,27,15,50,6,16,13,86,99,160,97,33,14
257,Grant-White,7,girl,12.2,37,31,16,54,14,28,20,88,114,173,106,36,12
258,Grant-White,7,girl,12.9,30,26,19,36,7,21,14,89,121,164,103,47,18
259,Grant-White,7,boy,11.4,29,24,10,45,9,21,17,100,121,181,106,60,17
260,Grant-White,7,girl,12.3,37,34,17,56,18,24,27,80,112,166,101,40,15
261,Grant-White,7,girl,12,28,20,4,30,8,18,6,73,84,189,106,35,16
262,Grant-White,7,boy,13.9,22,34,19,40,10,17,15,80,101,161,100,27,15
263,Grant-White,7,girl,12.3,38,21,18,56,18,26,31,120,109,179,103,87,15
264,Grant-White,7,boy,12.8,29,21,18,23,7,16,7,67,88,158,97,9,13
265,Grant-White,7,boy,12.8,25,25,30,48,9,16,16,106,127,177,102,28,17
266,Grant-White,7,girl,13.6,28,27,13,16,5,6,4,101,106,177,97,6,7
267,Grant-White,7,boy,13.2,23,20,18,29,6,12,6,43,100,151,95,9,4
268,Grant-White,7,girl,14,11,20,9,39,13,16,15,73,73,186,103,3,7
269,Grant-White,7,girl,12.9,45,37,29,32,10,16,16,73,101,178,113,70,15
270,Grant-White,7,girl,13,19,15,7,43,15,19,19,101,112,184,92,33,14
271,Grant-White,7,girl,12.7,41,21,11,41,9,16,14,124,119,185,103,9,14
272,Grant-White,7,boy,12.2,35,30,33,49,8,15,12,90,126,174,93,68,18
273,Grant-White,7,girl,12,34,24,16,46,9,14,10,89,116,171,105,-12,20
274,Grant-White,7,boy,13.2,19,22,12,39,10,16,17,118,116,178,93,12,15
275,Grant-White,7,boy,12.6,25,21,15,40,8,17,17,68,82,145,95,13,7
276,Grant-White,7,boy,11.3,36,28,33,61,15,24,39,81,104,178,97,57,20
277,Grant-White,7,girl,14,19,23,6,31,7,13,19,68,97,174,96,-3,7
278,Grant-White,7,girl,12.8,27,21,7,34,9,19,22,88,109,171,96,33,8
279,Grant-White,7,girl,12.4,21,9,14,33,15,25,30,68,91,178,100,43,12
280,Grant-White,7,boy,12.8,27,22,32,35,8,13,13,56,75,171,107,-12,14
281,Grant-White,7,girl,12.6,26,22,8,43,5,11,11,76,114,171,99,33,10
282,Grant-White,8,boy,14.2,20,27,15,41,9,19,11,130,105,195,115,48,15
283,Grant-White,8,girl,13.1,33,22,14,50,13,25,26,84,127,172,103,24,15
284,Grant-White,8,girl,12.9,38,26,7,39,16,25,15,109,111,182,108,45,18
285,Grant-White,8,girl,13.2,33,25,34,41,15,23,21,109,143,180,109,27,20
286,Grant-White,8,boy,13.5,36,29,16,55,9,23,23,149,156,182,106,48,20
287,Grant-White,8,boy,13.8,38,29,35,55,13,22,17,112,126,178,109,57,23
288,Grant-White,8,girl,13.2,31,25,28,54,10,25,27,103,98,165,104,30,19
289,Grant-White,8,girl,13.1,36,28,13,48,11,23,18,134,102,168,104,24,23
290,Grant-White,8,boy,13.7,31,26,29,58,11,26,12,85,99,198,110,42,18
291,Grant-White,8,girl,14.2,28,24,6,44,8,17,15,92,95,187,108,25,16
292,Grant-White,8,boy,13.7,38,37,28,61,10,19,19,110,135,166,95,39,19
293,Grant-White,8,boy,13.5,29,34,22,48,10,20,19,84,132,184,94,41,14
294,Grant-White,8,boy,13.6,35,24,15,60,12,20,23,92,125,196,106,54,22
295,Grant-White,8,girl,13.2,35,25,25,50,11,24,19,132,118,168,107,15,18
296,Grant-White,8,girl,12.8,23,21,3,54,9,21,12,133,111,182,102,24,16
297,Grant-White,8,girl,13.4,31,28,25,51,12,23,15,139,110,175,108,30,11
298,Grant-White,8,boy,14.5,51,26,34,84,18,26,38,133,161,195,119,71,24
299,Grant-White,8,girl,14.8,33,28,18,60,15,23,30,96,122,178,102,21,15
300,Grant-White,8,girl,15.9,21,26,17,64,12,16,33,118,112,180,101,34,12
302,Grant-White,8,girl,13.8,37,32,11,72,16,25,32,80,95,187,118,78,16
303,Grant-White,8,boy,13.1,37,20,21,36,8,19,19,78,101,174,113,40,21
304,Grant-White,8,boy,13.8,37,26,29,43,7,19,19,102,113,178,104,28,23
305,Grant-White,8,boy,13.6,39,26,24,78,17,26,30,115,136,190,119,54,11
306,Grant-White,8,girl,13,39,34,33,45,10,19,16,95,119,172,111,30,22
307,Grant-White,8,girl,13.7,18,16,4,55,10,21,19,68,80,194,103,15,3
308,Grant-White,8,girl,12.8,28,28,18,50,10,25,23,87,93,177,104,28,15
309,Grant-White,8,boy,14.8,29,23,9,38,6,24,9,100,182,169,97,33,19
310,Grant-White,8,girl,13.4,25,20,11,51,12,19,17,111,125,194,102,33,20
311,Grant-White,8,boy,13.3,29,33,11,57,13,23,26,78,103,173,107,62,13
312,Grant-White,8,girl,13.5,32,21,15,55,14,20,29,117,108,171,108,45,13
313,Grant-White,8,boy,13.5,30,21,21,51,12,24,27,96,113,183,107,84,14
314,Grant-White,8,girl,13.4,35,28,19,59,18,27,33,145,117,186,100,70,23
315,Grant-White,8,boy,12.1,16,34,32,60,14,22,24,99,108,188,101,48,21
316,Grant-White,8,girl,13.4,38,30,33,66,14,22,29,97,120,192,102,15,19
317,Grant-White,8,girl,13.2,26,25,7,41,10,15,13,115,129,158,113,15,17
318,Grant-White,8,girl,13.6,33,28,12,37,14,21,14,106,106,173,109,21,16
320,Grant-White,8,boy,15.2,28,27,32,48,10,19,17,69,130,179,105,42,12
321,Grant-White,8,girl,13.2,27,22,16,46,8,19,15,135,142,176,103,33,16
322,Grant-White,8,girl,14.3,26,29,10,53,8,19,13,85,109,181,109,45,15
323,Grant-White,8,boy,14.6,30,32,26,44,7,15,10,109,140,184,103,51,18
324,Grant-White,8,boy,13.2,22,23,8,40,4,13,17,92,81,174,102,-18,12
325,Grant-White,8,boy,13.7,32,24,8,52,9,19,14,78,89,187,94,24,12
326,Grant-White,8,boy,14.5,31,23,13,37,12,19,15,82,108,180,108,40,12
327,Grant-White,8,boy,14.8,32,25,17,42,5,11,16,106,143,168,107,6,15
328,Grant-White,8,boy,16.3,40,21,15,39,8,18,13,84,126,180,100,28,14
329,Grant-White,8,boy,12.9,21,20,11,36,7,19,8,80,117,180,101,30,21
330,Grant-White,8,boy,13.1,31,25,26,58,15,24,23,55,80,171,102,50,14
331,Grant-White,8,girl,14.1,24,24,16,44,8,18,12,77,94,175,104,16,15
333,Grant-White,8,boy,14.2,41,25,15,42,12,21,19,64,94,177,105,3,9
334,Grant-White,8,girl,14.8,30,23,10,42,8,14,12,98,132,165,97,16,9
335,Grant-White,8,boy,16.1,35,20,16,55,10,16,10,80,105,171,102,15,17
336,Grant-White,8,boy,13.4,34,27,17,48,13,25,32,77,119,170,114,60,21
337,Grant-White,8,boy,14.2,25,22,13,43,7,16,11,135,126,159,97,3,18
338,Grant-White,8,girl,13.1,24,25,6,42,9,19,23,120,131,194,113,24,2
339,Grant-White,8,boy,14.3,36,26,17,53,10,19,10,56,115,174,98,30,11
340,Grant-White,8,boy,15.5,20,19,7,37,8,20,6,134,110,189,94,7,12
341,Grant-White,8,boy,14.9,28,24,9,31,4,12,11,96,115,172,105,33,21
342,Grant-White,8,girl,12.9,34,22,13,44,10,17,14,126,120,164,96,3,2
343,Grant-White,8,boy,14.2,34,21,19,51,10,18,14,78,103,173,104,24,14
344,Grant-White,8,girl,13,35,28,10,45,9,13,11,96,97,189,115,43,20
345,Grant-White,8,boy,13.2,37,26,24,49,9,17,20,70,85,189,112,39,12
346,Grant-White,8,boy,13.4,24,28,11,49,8,17,7,117,112,166,102,9,12
347,Grant-White,8,girl,14.8,18,24,13,31,7,16,7,106,121,162,104,28,15
348,Grant-White,8,girl,14.2,28,22,15,55,11,23,30,92,120,171,105,30,20
349,Grant-White,8,boy,14.2,26,27,4,48,11,18,14,117,124,181,102,10,15
351,Grant-White,8,boy,13.4,26,24,27,51,11,23,22,94,139,184,109,69,14
