participant,condition,presumed_media_influence,issue_importance,intention_to_act,gender,age
1,front_page,7,6,5.25,male,51
2,inside_page,6,1,1.25,male,40
3,front_page,5.5,6,5,male,26
4,inside_page,6.5,6,2.75,female,21
5,inside_page,6,5,2.5,male,27
6,inside_page,5.5,1,1.25,male,25
7,inside_page,3.5,1,1.5,female,23
8,front_page,6,6,4.75,male,25
9,inside_page,4.5,6,4.25,male,22
10,inside_page,7,6,6.25,male,24
11,front_page,1,3,1.25,female,22
12,inside_page,6,3,2.75,female,21
13,front_page,5,4,3.75,female,23
14,inside_page,7,7,5,female,21
15,front_page,7,1,4,female,22
16,front_page,7,6,5,female,23
17,inside_page,4.5,3,3.5,female,23
18,inside_page,3.5,3,2.25,female,23
19,front_page,7,2,4.5,female,22
20,inside_page,7,4,5.75,male,23
21,front_page,4.5,4,2.75,female,22
22,front_page,6,6,3.75,female,19.5
23,front_page,6,7,2.75,male,61
24,front_page,4,4,4,male,25
25,front_page,7,5,5,female,23
26,inside_page,4,4,2,male,60
27,front_page,6.5,6,4,female,22
28,inside_page,6,5,1.75,female,23
29,front_page,6.5,5,3.5,female,22
30,inside_page,6,7,4.75,male,23
31,inside_page,4,4,4,female,25
32,front_page,7,1,3,female,22
33,inside_page,6,4,5.75,female,23
34,inside_page,7,5,2.75,female,22
35,front_page,6.5,5,3.25,male,25
36,inside_page,5.5,4,5.5,female,24
37,front_page,6,4,3.25,male,24
38,inside_page,2,2,1.25,male,29
39,front_page,4.5,2,2,male,24
40,inside_page,4,3,2.5,male,18
41,inside_page,7,3,3,male,23
42,inside_page,6,4,5.75,female,21
43,front_page,7,2,1.5,male,24
44,inside_page,5,5,4,female,26
45,front_page,7,3,1.25,male,24
46,front_page,7,7,3.25,male,22
47,inside_page,5,4,3.75,female,21
48,inside_page,6,4,2.75,male,26
49,inside_page,5.5,4,3,male,24
50,front_page,7,4,6,male,27
51,inside_page,3.5,6,3.25,male,26
52,front_page,7,2,2.75,male,24
53,inside_page,6,5,5,male,24
54,inside_page,3.5,4,1.5,female,26
55,front_page,7,7,7,male,24
56,front_page,5,1,5,male,22
57,front_page,1.5,2,1.75,male,23
58,inside_page,6.5,2,2.25,female,24
59,front_page,6,5,3.5,female,24
60,inside_page,7,1,3.5,male,25
61,inside_page,7,5,6.75,female,23
62,front_page,6,5,4.25,female,23
63,front_page,6,5,4,female,23
64,inside_page,4,3,2.25,female,24
65,inside_page,3.5,2,3,female,18
66,inside_page,6,4,5.5,female,23
67,front_page,6,5,1.75,male,25
68,front_page,6,3,4.5,female,24
69,inside_page,5,6,4.25,female,23
70,inside_page,3,4,1.5,female,23
71,front_page,7,4,2,female,24
72,inside_page,6,2,1.5,female,22
73,front_page,5,4,3.25,male,24
74,inside_page,5,5,1,female,25
75,front_page,5.5,2,1.5,female,22
76,inside_page,5.5,5,1,female,22
77,inside_page,6,6,2.5,female,23
78,inside_page,2.5,2,1,male,25
79,front_page,4.5,4,3,female,23
80,inside_page,5,4,2.5,female,23
81,inside_page,6,2,1,male,24
82,front_page,5,5,3.75,male,21
83,front_page,7,7,1.75,female,23
84,front_page,5,3,2.75,female,21
85,front_page,4.5,5,5.25,male,23
86,front_page,6.5,6,5.25,female,19
87,front_page,7,6,5,male,25
88,inside_page,6,5,5,female,23
89,front_page,5,7,5,female,22
90,front_page,7,6,6.5,female,19
91,inside_page,5.5,5,3,female,23
92,front_page,6,4,2.75,female,24
93,front_page,6,5,4.25,male,32
94,front_page,7,6,7,female,27
95,front_page,4,7,5.75,female,25
96,front_page,6.5,5,3,female,24
97,front_page,5,4,4.5,female,23
98,inside_page,7,3,4.25,female,28
99,inside_page,7,4,4.5,female,24
100,inside_page,5,3,3.75,female,24
101,inside_page,7,1,4.75,female,24
102,inside_page,7,4,2.5,female,25
103,inside_page,5,3,1,female,24
104,inside_page,6,5,6,female,25
105,inside_page,5,6,2,female,24
106,inside_page,6.5,6,5,female,24
107,front_page,7,7,5,female,24
108,front_page,6.5,7,4.25,female,25
109,front_page,6,3,2,male,28
110,front_page,5,6,3.5,female,24
111,front_page,5.5,1,1.75,female,26
112,front_page,5.5,6,3.5,female,27
113,front_page,5,4,2.25,female,25
114,front_page,7,5,5.5,male,25
115,inside_page,1.5,1,1,female,26
116,inside_page,6,3,3,female,25
117,inside_page,5.5,5,2.25,female,25
118,inside_page,6.5,6,4.75,male,25
119,inside_page,4.5,3,2.25,female,26
120,inside_page,3.5,1,1.5,female,22
121,inside_page,6,6,5.75,female,24
122,inside_page,6.5,2,5.25,female,23
123,inside_page,5.5,6,3,female,24
