participant,condition,modern_sexism,anger,liking,response_appropriateness
1,collective_protest,4.87,2,4.83,4.25
2,no_protest,4.25,1,4.5,5.75
3,collective_protest,5,3,5.5,4.75
4,collective_protest,5.5,1,5.66,7
5,collective_protest,5.62,1,6.16,6.75
6,individual_protest,5.75,1,6,5.5
7,collective_protest,5.12,2,4.66,5
8,no_protest,6.62,1,6.5,6.25
9,no_protest,5.75,6,1,3
10,no_protest,4.62,1,6.83,5.75
11,collective_protest,4.75,2,5,5.25
12,collective_protest,6.12,5,5.66,7
13,no_protest,4.87,2,5.83,4.5
14,individual_protest,5.87,1,6.5,6.25
15,individual_protest,4.87,1,4.5,5
16,no_protest,4.62,1,4.83,5.25
17,individual_protest,4.5,2,6.16,5.25
18,collective_protest,5.5,1,4.33,5
19,collective_protest,4.25,3,4.83,4.5
20,individual_protest,4.25,4,5,6
21,collective_protest,5.25,1,6.5,5.75
22,individual_protest,5,1,7,6
23,individual_protest,5.75,1,5.33,5.25
24,collective_protest,2.87,5,5.5,4.75
25,collective_protest,5.5,1,7,6.5
26,no_protest,5.5,5,5.5,1.75
27,individual_protest,4.62,1,5,5
28,individual_protest,4.37,1,6.83,4.75
29,no_protest,4.37,2,4.83,4.25
30,individual_protest,5.62,1,6.66,6.75
31,individual_protest,5.12,1,6,6
32,individual_protest,4.37,1,6.33,4.75
33,no_protest,4.75,4,5.33,1.75
34,collective_protest,4.62,1,5.5,4.75
35,individual_protest,5.12,2,5.83,5.75
36,collective_protest,4.5,6,5.83,5.5
37,collective_protest,5.37,1,6.83,5.5
38,collective_protest,4.75,1,5.5,6.25
39,individual_protest,4.87,2,5.33,5.25
40,no_protest,5.12,1,5.33,5.75
41,collective_protest,5.37,1,7,6.25
42,collective_protest,4,1,4.83,4.25
43,no_protest,5.62,1,6.16,5.5
44,no_protest,4.25,5,5.5,2.5
45,no_protest,6.37,4,4.83,2
46,individual_protest,5.25,2,6.33,6
47,no_protest,6,4,6,3.5
48,collective_protest,4.62,1,5.16,5.25
49,individual_protest,4.37,2,5.83,5.25
50,collective_protest,6.12,1,7,5.75
51,collective_protest,3.62,1,6.33,6
52,individual_protest,6,1,6.33,6.25
53,individual_protest,7,1,6.33,6.75
54,individual_protest,5.87,2,5.66,5.5
55,no_protest,5.5,1,5.33,5
56,no_protest,5.12,6,5.5,3
57,collective_protest,3.75,1,4.66,3.75
58,individual_protest,5.25,4,4.66,4
59,individual_protest,3.87,3,3.83,2.5
60,individual_protest,5.5,1,6.83,4.5
61,individual_protest,6.37,1,6.83,5.75
62,collective_protest,5.25,1,7,6.5
63,individual_protest,5.5,1,5.16,5
64,no_protest,4,1,6.83,4.75
65,individual_protest,5.87,2,6.33,6.5
66,collective_protest,4.87,1,5.5,5.75
67,individual_protest,4.87,1,6.66,5.5
68,individual_protest,3.5,2,5.16,5.25
69,collective_protest,4.12,1,6.33,5.5
70,no_protest,5.5,1,4.16,5
71,no_protest,4,2,6,4.75
72,collective_protest,5.12,1,6.5,6.25
73,individual_protest,4.62,1,6.33,6.5
74,no_protest,5.87,6,3.66,2.5
75,no_protest,5,5,5.16,4
76,individual_protest,4.87,2,4.16,1.75
77,collective_protest,5.75,1,5.83,5.25
78,no_protest,5.25,5,5.16,2.25
79,no_protest,4.75,1,7,1.5
80,collective_protest,4.37,4,4,3.5
81,collective_protest,4.5,1,6.5,6.25
82,no_protest,4.12,1,6.5,4.5
83,individual_protest,6.5,1,6.33,4.25
84,no_protest,6.5,1,7,3.25
85,collective_protest,4,2,5.66,5.75
86,collective_protest,4.25,1,6.5,6.5
87,individual_protest,4.75,2,5.66,3.25
88,individual_protest,5.5,2,5.66,5.75
89,individual_protest,4.75,1,6.33,4.5
90,no_protest,4.25,2,5.83,3.5
91,individual_protest,6,1,6.66,5.5
92,collective_protest,4.5,3,5.16,5.75
93,individual_protest,5.75,1,5,5
94,no_protest,4.25,5,5,6
95,individual_protest,4.62,1,4.5,5
96,individual_protest,5.62,5,5.16,4.5
97,collective_protest,5,6,6.83,6.5
98,no_protest,6.5,7,2.33,1.5
99,no_protest,5.12,5,5.33,3
100,no_protest,5.62,1,6.66,5.25
101,collective_protest,5.5,1,7,7
102,individual_protest,6.5,2,6,5.25
103,individual_protest,4.25,1,5.66,5.5
104,collective_protest,6,1,6.5,6
105,no_protest,4.25,1,4.83,3.5
106,no_protest,4.75,5,6.5,4
107,collective_protest,4.75,1,3.66,5.25
108,collective_protest,6,1,6,4
109,collective_protest,4.5,2,6,5.75
110,collective_protest,6.25,1,7,3.75
111,collective_protest,6.62,1,5,5
112,no_protest,4.5,4,4.5,2.75
113,no_protest,4.62,5,4.5,3.25
114,collective_protest,5.75,1,5.83,6.25
115,collective_protest,5.12,2,4.5,5.75
116,collective_protest,5.37,4,4,3.75
117,individual_protest,6.37,1,7,6.5
118,no_protest,6.37,6,4.66,1.75
119,no_protest,4.75,2,6.16,5.75
120,collective_protest,5,1,7,6
121,no_protest,4.12,1,7,6
122,no_protest,5.87,6,2.33,2.75
123,collective_protest,7,1,6.33,5.5
124,individual_protest,5.5,1,6.83,4
125,no_protest,5,2,6.16,5
126,no_protest,4.37,5,4.66,2.5
127,no_protest,5.25,1,6,4.75
128,individual_protest,5.25,1,4.83,4.25
129,individual_protest,5.37,1,6,3.5
