subject,reaction_day0,reaction_day1,reaction_day2,reaction_day3,reaction_day4,reaction_day5,reaction_day6,reaction_day7,reaction_day8,reaction_day9
S1,249.6,258.7,250.8,321.4,356.9,414.7,382.2,290.1,430.6,466.4
S2,222.7,205.3,203,204.7,207.7,216,213.6,217.7,224.3,237.3
S3,199.1,194.3,234.3,232.8,229.3,220.5,235.4,255.8,261,247.5
S4,321.5,300.4,283.9,285.1,285.8,297.6,280.2,318.3,305.3,354
S5,287.6,285,301.8,320.1,316.3,293.3,290.1,334.8,293.7,371.6
S6,234.9,242.8,273,309.8,317.5,310,454.2,346.8,330.3,253.9
S7,283.8,289.6,276.8,299.8,297.2,338.2,332,348.8,333.4,362
S8,265.5,276.2,243.4,254.7,279,284.2,305.5,331.5,335.7,377.3
S9,241.6,273.9,254.5,270.8,251.5,254.6,245.5,235.3,235.8,237.2
S10,312.4,313.8,291.6,346.1,365.7,391.8,404.3,416.7,455.9,458.9
S11,236.1,230.3,238.9,254.9,250.7,269.8,281.6,308.1,336.3,351.6
S12,256.3,243.5,256.2,255.5,268.9,329.7,379.4,362.9,394.5,389.1
S13,250.5,300.1,269.9,280.6,271.8,304.6,287.7,266.6,321.5,347.6
S14,221.7,298.2,326.9,346.9,348.7,352.8,354.4,360.4,375.6,388.5
S15,271.9,268.4,257.2,277.7,314.8,317.2,298.1,348.1,340.3,366.5
S16,225.3,234.5,238.9,240.5,267.5,344.2,281.1,347.6,365.2,372.2
S17,269.9,272.4,277.9,281.8,279.2,284.5,259.3,304.6,350.8,369.5
S18,269.4,273.5,297.6,310.6,287.2,329.6,334.5,343.2,369.1,364.1
